Category,Website Name,Main URL,Main Sitemap URL,Sub-sitemap URLs
Major Recipe Sites,Allrecipes,https://www.allrecipes.com,https://www.allrecipes.com/sitemap.xml,https://www.allrecipes.com/sitemap_1.xml; https://www.allrecipes.com/sitemap_2.xml; https://www.allrecipes.com/sitemap_3.xml; https://www.allrecipes.com/sitemap_4.xml
Major Recipe Sites,Food Network,https://www.foodnetwork.com,https://www.foodnetwork.com/sitemaps/sitemap_food_index.xml,https://www.foodnetwork.com/sitemaps/sitemap_food_index.xml; https://www.foodnetwork.com/sitemaps/sitemap_food_1.xml.gz; https://www.foodnetwork.com/sitemaps/sitemap_food_2.xml.gz
Major Recipe Sites,Simply Recipes,https://www.simplyrecipes.com,https://www.simplyrecipes.com/sitemap.xml,https://www.simplyrecipes.com/google-news-sitemap.xml; https://www.simplyrecipes.com/recipes-sitemap.xml; https://www.simplyrecipes.com/post-sitemap.xml
Major Recipe Sites,Epicurious,https://www.epicurious.com,https://www.epicurious.com/sitemap.xml,https://www.epicurious.com/categories-sitemap.xml; https://www.epicurious.com/bundles-sitemap.xml; https://www.epicurious.com/branded-sitemap.xml; https://www.epicurious.com/contributors-sitemap.xml; https://www.epicurious.com/sitemap-archive-1.xml
Major Recipe Sites,Serious Eats,https://www.seriouseats.com,https://www.seriouseats.com/sitemap.xml,https://www.seriouseats.com/recipe-sitemap.xml; https://www.seriouseats.com/post-sitemap.xml; https://www.seriouseats.com/page-sitemap.xml
Major Recipe Sites,The Kitchn,https://www.thekitchn.com,https://www.thekitchn.com/sitemap.xml,https://www.thekitchn.com/stories/sitemap.xml; https://www.thekitchn.com/sitemap.googlenews.xml
Major Recipe Sites,Food52,https://food52.com,https://food52.com/sitemap.xml,https://food52.com/recipes-sitemap.xml; https://food52.com/articles-sitemap.xml; https://food52.com/collections-sitemap.xml
Major Recipe Sites,Taste of Home,https://www.tasteofhome.com,https://www.tasteofhome.com/sitemap_index.xml,https://www.tasteofhome.com/recipe-sitemap1.xml; https://www.tasteofhome.com/recipe-sitemap2.xml; https://www.tasteofhome.com/recipe-sitemap3.xml
Major Recipe Sites,BBC Good Food,https://www.bbcgoodfood.com,https://www.bbcgoodfood.com/sitemap.xml,https://www.bbcgoodfood.com/google-news.xml
Popular Food Blogs,Pinch of Yum,https://pinchofyum.com,https://pinchofyum.com/sitemap.xml,https://pinchofyum.com/post-sitemap.xml; https://pinchofyum.com/page-sitemap.xml; https://pinchofyum.com/recipe-sitemap.xml
Popular Food Blogs,Smitten Kitchen,https://smittenkitchen.com,https://smittenkitchen.com/sitemap.xml,https://smittenkitchen.com/post-sitemap.xml; https://smittenkitchen.com/recipe-sitemap.xml; https://smittenkitchen.com/category-sitemap.xml
Popular Food Blogs,Budget Bytes,https://www.budgetbytes.com,https://www.budgetbytes.com/sitemap.xml,https://www.budgetbytes.com/recipe-sitemap.xml; https://www.budgetbytes.com/post-sitemap.xml; https://www.budgetbytes.com/category-sitemap.xml
Popular Food Blogs,Minimalist Baker,https://minimalistbaker.com,https://minimalistbaker.com/sitemap.xml,https://minimalistbaker.com/recipe-sitemap.xml; https://minimalistbaker.com/post-sitemap.xml; https://minimalistbaker.com/category-sitemap.xml
Popular Food Blogs,Love and Lemons,https://www.loveandlemons.com,https://www.loveandlemons.com/sitemap.xml,https://www.loveandlemons.com/recipe-sitemap.xml; https://www.loveandlemons.com/post-sitemap.xml; https://www.loveandlemons.com/category-sitemap.xml
Popular Food Blogs,The Pioneer Woman,https://thepioneerwoman.com,https://thepioneerwoman.com/sitemap_index.xml,https://thepioneerwoman.com/recipe-sitemap.xml; https://thepioneerwoman.com/post-sitemap.xml; https://thepioneerwoman.com/food-sitemap.xml
Popular Food Blogs,Damn Delicious,https://damndelicious.net,https://damndelicious.net/recipes/,https://damndelicious.net/recipes/; https://damndelicious.net/category/recipes/
Popular Food Blogs,Gimme Some Oven,https://www.gimmesomeoven.com,https://www.gimmesomeoven.com/sitemap.xml,https://www.gimmesomeoven.com/recipe-sitemap.xml; https://www.gimmesomeoven.com/post-sitemap.xml; https://www.gimmesomeoven.com/category-sitemap.xml
Popular Food Blogs,Skinnytaste,https://www.skinnytaste.com,https://www.skinnytaste.com/sitemap.xml,https://www.skinnytaste.com/recipe-sitemap.xml; https://www.skinnytaste.com/post-sitemap.xml; https://www.skinnytaste.com/category-sitemap.xml
Popular Food Blogs,Cookie and Kate,https://cookieandkate.com,https://cookieandkate.com/sitemap.xml,https://cookieandkate.com/recipe-sitemap.xml; https://cookieandkate.com/post-sitemap.xml; https://cookieandkate.com/category-sitemap.xml
Baking & Dessert Sites,Sally's Baking Addiction,https://sallysbakingaddiction.com,https://sallysbakingaddiction.com/sitemap.xml,https://sallysbakingaddiction.com/recipe-sitemap.xml; https://sallysbakingaddiction.com/post-sitemap.xml; https://sallysbakingaddiction.com/category-sitemap.xml
Baking & Dessert Sites,King Arthur Baking,https://www.kingarthurbaking.com,https://www.kingarthurbaking.com/sitemap.xml,https://www.kingarthurbaking.com/recipes-sitemap.xml; https://www.kingarthurbaking.com/learn-sitemap.xml; https://www.kingarthurbaking.com/blog-sitemap.xml
Baking & Dessert Sites,Joy the Baker,https://joythebaker.com,https://joythebaker.com/sitemap.xml,https://joythebaker.com/recipe-sitemap.xml; https://joythebaker.com/post-sitemap.xml; https://joythebaker.com/category-sitemap.xml
Baking & Dessert Sites,Brown Eyed Baker,https://www.browneyedbaker.com,https://www.browneyedbaker.com/sitemap.xml,https://www.browneyedbaker.com/recipe-sitemap.xml; https://www.browneyedbaker.com/post-sitemap.xml; https://www.browneyedbaker.com/category-sitemap.xml
Baking & Dessert Sites,Preppy Kitchen,https://preppykitchen.com,https://preppykitchen.com/sitemap.xml,https://preppykitchen.com/recipe-sitemap.xml; https://preppykitchen.com/post-sitemap.xml; https://preppykitchen.com/category-sitemap.xml
Baking & Dessert Sites,Sugar Spun Run,https://sugarspunrun.com,https://sugarspunrun.com/sitemap.xml,https://sugarspunrun.com/recipe-sitemap.xml; https://sugarspunrun.com/post-sitemap.xml; https://sugarspunrun.com/category-sitemap.xml
Baking & Dessert Sites,Cloudy Kitchen,https://cloudykitchen.com,https://cloudykitchen.com/sitemap.xml,https://cloudykitchen.com/recipe-sitemap.xml; https://cloudykitchen.com/post-sitemap.xml; https://cloudykitchen.com/category-sitemap.xml
Baking & Dessert Sites,Always Eat Dessert,https://alwayseatdessert.com,https://alwayseatdessert.com/sitemap.xml,https://alwayseatdessert.com/recipe-sitemap.xml; https://alwayseatdessert.com/post-sitemap.xml; https://alwayseatdessert.com/category-sitemap.xml
Baking & Dessert Sites,Hummingbird High,https://www.hummingbirdhigh.com,https://www.hummingbirdhigh.com/sitemap.xml,https://www.hummingbirdhigh.com/recipe-sitemap.xml; https://www.hummingbirdhigh.com/post-sitemap.xml; https://www.hummingbirdhigh.com/category-sitemap.xml
Baking & Dessert Sites,The Cake Blog,https://thecakeblog.com,https://thecakeblog.com/sitemap.xml,https://thecakeblog.com/recipe-sitemap.xml; https://thecakeblog.com/post-sitemap.xml; https://thecakeblog.com/category-sitemap.xml
Asian & International Cuisine,The Woks of Life,https://thewoksoflife.com,https://thewoksoflife.com/sitemap.xml,https://thewoksoflife.com/recipe-sitemap.xml; https://thewoksoflife.com/post-sitemap.xml; https://thewoksoflife.com/category-sitemap.xml
Asian & International Cuisine,Just One Cookbook,https://www.justonecookbook.com,https://www.justonecookbook.com/sitemap.xml,https://www.justonecookbook.com/recipe-sitemap.xml; https://www.justonecookbook.com/post-sitemap.xml; https://www.justonecookbook.com/category-sitemap.xml
Asian & International Cuisine,Omnivore's Cookbook,https://omnivorescookbook.com,https://omnivorescookbook.com/recipe-sitemap.xml,https://omnivorescookbook.com/post-sitemap.xml; https://omnivorescookbook.com/category-sitemap.xml
Asian & International Cuisine,Christie at Home,https://christieathome.com,https://christieathome.com/sitemap.xml,https://christieathome.com/recipe-sitemap.xml; https://christieathome.com/post-sitemap.xml; https://christieathome.com/category-sitemap.xml
Asian & International Cuisine,Hot Thai Kitchen,https://hot-thai-kitchen.com,https://hot-thai-kitchen.com/sitemap.xml,https://hot-thai-kitchen.com/recipe-sitemap.xml; https://hot-thai-kitchen.com/post-sitemap.xml; https://hot-thai-kitchen.com/category-sitemap.xml
Asian & International Cuisine,Maangchi,https://www.maangchi.com,https://www.maangchi.com/recipes,https://www.maangchi.com/recipes; https://www.maangchi.com/recipe
Asian & International Cuisine,Recipe Tin Eats,https://www.recipetineats.com,https://www.recipetineats.com/sitemap.xml,https://www.recipetineats.com/recipe-sitemap.xml; https://www.recipetineats.com/post-sitemap.xml; https://www.recipetineats.com/category-sitemap.xml
Asian & International Cuisine,Asian Cooking Mom,https://www.asiancookingmom.com,https://www.asiancookingmom.com/sitemap.xml,https://www.asiancookingmom.com/recipe-sitemap.xml; https://www.asiancookingmom.com/post-sitemap.xml; https://www.asiancookingmom.com/category-sitemap.xml
Asian & International Cuisine,Eat Cho Food,https://eatchofood.com,https://eatchofood.com/sitemap.xml,https://eatchofood.com/recipe-sitemap.xml; https://eatchofood.com/post-sitemap.xml; https://eatchofood.com/category-sitemap.xml
Asian & International Cuisine,Taste of Asian Food,https://tasteasianfood.com,https://tasteasianfood.com/sitemap.xml,https://tasteasianfood.com/recipe-sitemap.xml; https://tasteasianfood.com/post-sitemap.xml; https://tasteasianfood.com/category-sitemap.xml
Indian Cuisine Sites,Ministry of Curry,https://ministryofcurry.com,https://ministryofcurry.com/sitemap.xml,https://ministryofcurry.com/recipe-sitemap.xml; https://ministryofcurry.com/post-sitemap.xml; https://ministryofcurry.com/category-sitemap.xml
Indian Cuisine Sites,My Heart Beets,https://myheartbeets.com,https://myheartbeets.com/sitemap.xml,https://myheartbeets.com/recipe-sitemap.xml; https://myheartbeets.com/post-sitemap.xml; https://myheartbeets.com/category-sitemap.xml
Indian Cuisine Sites,Veg Recipes of India,https://www.vegrecipesofindia.com,https://www.vegrecipesofindia.com/sitemap.xml,https://www.vegrecipesofindia.com/recipe-sitemap.xml; https://www.vegrecipesofindia.com/post-sitemap.xml; https://www.vegrecipesofindia.com/category-sitemap.xml
Indian Cuisine Sites,Archana's Kitchen,https://www.archanaskitchen.com,https://www.archanaskitchen.com/sitemap.xml,https://www.archanaskitchen.com/recipe-sitemap.xml; https://www.archanaskitchen.com/post-sitemap.xml; https://www.archanaskitchen.com/category-sitemap.xml
Indian Cuisine Sites,Cook With Manali,https://www.cookwithmanali.com,https://www.cookwithmanali.com/sitemap.xml,https://www.cookwithmanali.com/recipe-sitemap.xml; https://www.cookwithmanali.com/post-sitemap.xml; https://www.cookwithmanali.com/category-sitemap.xml
Indian Cuisine Sites,My Food Story,https://myfoodstory.com,https://myfoodstory.com/sitemap.xml,https://myfoodstory.com/recipe-sitemap.xml; https://myfoodstory.com/post-sitemap.xml; https://myfoodstory.com/category-sitemap.xml
Indian Cuisine Sites,Sailu's Kitchen,https://www.sailusfood.com,https://www.sailusfood.com/recipes/,https://www.sailusfood.com/recipes/; https://www.sailusfood.com/category/recipes/
Indian Cuisine Sites,Hebbar's Kitchen,https://hebbarskitchen.com,https://hebbarskitchen.com/sitemap.xml,https://hebbarskitchen.com/recipe-sitemap.xml; https://hebbarskitchen.com/post-sitemap.xml; https://hebbarskitchen.com/category-sitemap.xml
Indian Cuisine Sites,Piping Pot Curry,https://pipingpotcurry.com,https://pipingpotcurry.com/sitemap.xml,https://pipingpotcurry.com/recipe-sitemap.xml; https://pipingpotcurry.com/post-sitemap.xml; https://pipingpotcurry.com/category-sitemap.xml
Indian Cuisine Sites,Tea for Turmeric,https://www.teaforturmeric.com,https://www.teaforturmeric.com/sitemap.xml,https://www.teaforturmeric.com/recipe-sitemap.xml; https://www.teaforturmeric.com/post-sitemap.xml; https://www.teaforturmeric.com/category-sitemap.xml
Mediterranean & Middle Eastern,The Mediterranean Dish,https://www.themediterraneandish.com,https://www.themediterraneandish.com/sitemap.xml,https://www.themediterraneandish.com/recipe-sitemap.xml; https://www.themediterraneandish.com/post-sitemap.xml; https://www.themediterraneandish.com/category-sitemap.xml
Mediterranean & Middle Eastern,Mediterranean Living,https://www.mediterraneanliving.com,https://www.mediterraneanliving.com/sitemap.xml,https://www.mediterraneanliving.com/recipe-sitemap.xml; https://www.mediterraneanliving.com/post-sitemap.xml; https://www.mediterraneanliving.com/category-sitemap.xml
Mediterranean & Middle Eastern,Tori Avey,https://toriavey.com,https://toriavey.com/sitemap.xml,https://toriavey.com/recipe-sitemap.xml; https://toriavey.com/post-sitemap.xml; https://toriavey.com/category-sitemap.xml
Mediterranean & Middle Eastern,The Hungry Bites,https://www.thehungrybites.com,https://www.thehungrybites.com/sitemap.xml,https://www.thehungrybites.com/recipe-sitemap.xml; https://www.thehungrybites.com/post-sitemap.xml; https://www.thehungrybites.com/category-sitemap.xml
Mediterranean & Middle Eastern,Olive Tomato,https://www.olivetomato.com,https://www.olivetomato.com/sitemap.xml,https://www.olivetomato.com/recipe-sitemap.xml; https://www.olivetomato.com/post-sitemap.xml; https://www.olivetomato.com/category-sitemap.xml
Mediterranean & Middle Eastern,My Greek Dish,https://www.mygreekdish.com,https://www.mygreekdish.com/sitemap.xml,https://www.mygreekdish.com/recipe-sitemap.xml; https://www.mygreekdish.com/post-sitemap.xml; https://www.mygreekdish.com/category-sitemap.xml
Mediterranean & Middle Eastern,Akis Petretzikis,https://akispetretzikis.com,https://akispetretzikis.com/en/recipes/,https://akispetretzikis.com/en/recipes/; https://akispetretzikis.com/recipes/
Mediterranean & Middle Eastern,Downshiftology,https://downshiftology.com,https://downshiftology.com/sitemap.xml,https://downshiftology.com/recipe-sitemap.xml; https://downshiftology.com/post-sitemap.xml; https://downshiftology.com/category-sitemap.xml
Mediterranean & Middle Eastern,Little Spice Jar,https://littlespicejar.com,https://littlespicejar.com/sitemap.xml,https://littlespicejar.com/recipe-sitemap.xml; https://littlespicejar.com/post-sitemap.xml; https://littlespicejar.com/category-sitemap.xml
Mediterranean & Middle Eastern,Foolproof Living,https://foolproofliving.com,https://foolproofliving.com/sitemap.xml,https://foolproofliving.com/recipe-sitemap.xml; https://foolproofliving.com/post-sitemap.xml; https://foolproofliving.com/category-sitemap.xml
Specialty & Diet-Focused,Half Baked Harvest,https://www.halfbakedharvest.com,https://www.halfbakedharvest.com/sitemap.xml,https://www.halfbakedharvest.com/recipe-sitemap.xml; https://www.halfbakedharvest.com/post-sitemap.xml; https://www.halfbakedharvest.com/category-sitemap.xml
Specialty & Diet-Focused,How Sweet Eats,https://www.howsweeteats.com,https://www.howsweeteats.com/sitemap.xml,https://www.howsweeteats.com/recipe-sitemap.xml; https://www.howsweeteats.com/post-sitemap.xml; https://www.howsweeteats.com/category-sitemap.xml
Specialty & Diet-Focused,A Couple Cooks,https://www.acouplecooks.com,https://www.acouplecooks.com/sitemap.xml,https://www.acouplecooks.com/recipe-sitemap.xml; https://www.acouplecooks.com/post-sitemap.xml; https://www.acouplecooks.com/category-sitemap.xml
Specialty & Diet-Focused,Ambitious Kitchen,https://www.ambitiouskitchen.com,https://www.ambitiouskitchen.com/sitemap.xml,https://www.ambitiouskitchen.com/recipe-sitemap.xml; https://www.ambitiouskitchen.com/post-sitemap.xml; https://www.ambitiouskitchen.com/category-sitemap.xml
Specialty & Diet-Focused,Two Peas & Their Pod,https://www.twopeasandtheirpod.com,https://www.twopeasandtheirpod.com/sitemap.xml,https://www.twopeasandtheirpod.com/recipe-sitemap.xml; https://www.twopeasandtheirpod.com/post-sitemap.xml; https://www.twopeasandtheirpod.com/category-sitemap.xml
Specialty & Diet-Focused,Spend With Pennies,https://spendwithpennies.com,https://spendwithpennies.com/sitemap.xml,https://spendwithpennies.com/recipe-sitemap.xml; https://spendwithpennies.com/post-sitemap.xml; https://spendwithpennies.com/category-sitemap.xml
Specialty & Diet-Focused,Tastes Better From Scratch,https://tastesbetterfromscratch.com,https://tastesbetterfromscratch.com/sitemap.xml,https://tastesbetterfromscratch.com/recipe-sitemap.xml; https://tastesbetterfromscratch.com/post-sitemap.xml; https://tastesbetterfromscratch.com/category-sitemap.xml
Specialty & Diet-Focused,The Recipe Critic,https://therecipecritic.com,https://therecipecritic.com/sitemap.xml,https://therecipecritic.com/recipe-sitemap.xml; https://therecipecritic.com/post-sitemap.xml; https://therecipecritic.com/category-sitemap.xml
Specialty & Diet-Focused,Once Upon a Chef,https://www.onceuponachef.com,https://www.onceuponachef.com/sitemap.xml,https://www.onceuponachef.com/recipe-sitemap.xml; https://www.onceuponachef.com/post-sitemap.xml; https://www.onceuponachef.com/category-sitemap.xml
Specialty & Diet-Focused,The Soul Food Pot,https://thesoulfoodpot.com,https://thesoulfoodpot.com/sitemap.xml,https://thesoulfoodpot.com/recipe-sitemap.xml; https://thesoulfoodpot.com/post-sitemap.xml; https://thesoulfoodpot.com/category-sitemap.xml
International & Magazine Sites,Delish,https://www.delish.com,https://www.delish.com/sitemap_index.xml,https://www.delish.com/recipe-sitemap.xml; https://www.delish.com/food-sitemap.xml; https://www.delish.com/cooking-sitemap.xml
International & Magazine Sites,EatingWell,https://www.eatingwell.com,https://www.eatingwell.com/sitemap.xml,https://www.eatingwell.com/recipe-sitemap.xml; https://www.eatingwell.com/healthy-sitemap.xml; https://www.eatingwell.com/nutrition-sitemap.xml
International & Magazine Sites,Food & Wine,https://www.foodandwine.com,https://www.foodandwine.com/sitemap.xml,https://www.foodandwine.com/recipe-sitemap.xml; https://www.foodandwine.com/wine-sitemap.xml; https://www.foodandwine.com/cooking-sitemap.xml
International & Magazine Sites,Bon App√©tit,https://www.bonappetit.com,https://www.bonappetit.com/sitemap.xml,https://www.bonappetit.com/recipe-sitemap.xml; https://www.bonappetit.com/restaurant-sitemap.xml; https://www.bonappetit.com/cooking-sitemap.xml
International & Magazine Sites,Martha Stewart,https://www.marthastewart.com,https://www.marthastewart.com/sitemap.xml,https://www.marthastewart.com/recipe-sitemap.xml; https://www.marthastewart.com/food-sitemap.xml; https://www.marthastewart.com/cooking-sitemap.xml
International & Magazine Sites,Cooking Light,https://www.cookinglight.com,https://www.cookinglight.com/sitemap.xml,https://www.cookinglight.com/recipe-sitemap.xml; https://www.cookinglight.com/healthy-sitemap.xml; https://www.cookinglight.com/nutrition-sitemap.xml
International & Magazine Sites,Southern Living,https://www.southernliving.com,https://www.southernliving.com/sitemap.xml,https://www.southernliving.com/recipe-sitemap.xml; https://www.southernliving.com/food-sitemap.xml; https://www.southernliving.com/cooking-sitemap.xml
International & Magazine Sites,Real Simple,https://www.realsimple.com,https://www.realsimple.com/sitemap.xml,https://www.realsimple.com/recipe-sitemap.xml; https://www.realsimple.com/food-sitemap.xml; https://www.realsimple.com/cooking-sitemap.xml
International & Magazine Sites,Saveur,https://www.saveur.com,https://www.saveur.com/sitemap.xml,https://www.saveur.com/recipe-sitemap.xml; https://www.saveur.com/travel-sitemap.xml; https://www.saveur.com/culture-sitemap.xml
International & Magazine Sites,Cookpad,https://cookpad.com,https://cookpad.com/us/recipes,https://cookpad.com/us/recipes; https://cookpad.com/us/search
Additional Popular Sites,Ethnic Spoon,https://ethnicspoon.com,https://ethnicspoon.com/sitemap.xml,https://ethnicspoon.com/recipe-sitemap.xml; https://ethnicspoon.com/post-sitemap.xml; https://ethnicspoon.com/category-sitemap.xml
Additional Popular Sites,The Foreign Fork,https://foreignfork.com,https://foreignfork.com/sitemap.xml,https://foreignfork.com/recipe-sitemap.xml; https://foreignfork.com/post-sitemap.xml; https://foreignfork.com/category-sitemap.xml
Additional Popular Sites,Caroline's Cooking,https://www.carolinescooking.com,https://www.carolinescooking.com/sitemap.xml,https://www.carolinescooking.com/recipe-sitemap.xml; https://www.carolinescooking.com/post-sitemap.xml; https://www.carolinescooking.com/category-sitemap.xml
Additional Popular Sites,International Cuisine,https://www.internationalcuisine.com,https://www.internationalcuisine.com/sitemap.xml,https://www.internationalcuisine.com/recipe-sitemap.xml; https://www.internationalcuisine.com/post-sitemap.xml; https://www.internationalcuisine.com/category-sitemap.xml
Additional Popular Sites,Global Table Adventure,https://globaltableadventure.com,https://globaltableadventure.com/sitemap.xml,https://globaltableadventure.com/recipe-sitemap.xml; https://globaltableadventure.com/post-sitemap.xml; https://globaltableadventure.com/category-sitemap.xml
Additional Popular Sites,My Global Cuisine,https://myglobalcuisine.com,https://myglobalcuisine.com/sitemap.xml,https://myglobalcuisine.com/recipe-sitemap.xml; https://myglobalcuisine.com/post-sitemap.xml; https://myglobalcuisine.com/category-sitemap.xml
Additional Popular Sites,Immigrant's Table,https://immigrantstable.com,https://immigrantstable.com/sitemap_index.xml,https://immigrantstable.com/recipe-sitemap.xml; https://immigrantstable.com/post-sitemap.xml; https://immigrantstable.com/category-sitemap.xml
Additional Popular Sites,TasteAtlas,https://www.tasteatlas.com,https://www.tasteatlas.com/sitemap.xml,https://www.tasteatlas.com/recipes-sitemap.xml; https://www.tasteatlas.com/food-sitemap.xml; https://www.tasteatlas.com/places-sitemap.xml
Additional Popular Sites,Tyler Cowen's Ethnic Dining Guide,https://tylercowensethnicdiningguide.com,https://tylercowensethnicdiningguide.com/sitemap.xml,https://tylercowensethnicdiningguide.com/restaurants-sitemap.xml; https://tylercowensethnicdiningguide.com/reviews-sitemap.xml; https://tylercowensethnicdiningguide.com/guides-sitemap.xml
Additional Popular Sites,I Just Want To Eat,https://www.ijustwanttoeat.com,https://www.ijustwanttoeat.com/sitemap.xml,https://www.ijustwanttoeat.com/recipe-sitemap.xml; https://www.ijustwanttoeat.com/post-sitemap.xml; https://www.ijustwanttoeat.com/restaurant-sitemap.xml
Additional Popular Sites,Baking Bites,https://bakingbites.com,https://bakingbites.com/sitemap.xml,https://bakingbites.com/recipe-sitemap.xml; https://bakingbites.com/post-sitemap.xml; https://bakingbites.com/category-sitemap.xml
Additional Popular Sites,Sweetest Menu,https://www.sweetestmenu.com,https://www.sweetestmenu.com/sitemap.xml,https://www.sweetestmenu.com/recipe-sitemap.xml; https://www.sweetestmenu.com/post-sitemap.xml; https://www.sweetestmenu.com/category-sitemap.xml
Additional Popular Sites,Tasting Table,https://www.tastingtable.com,https://www.tastingtable.com/sitemap_index.xml,https://www.tastingtable.com/recipe-sitemap.xml; https://www.tastingtable.com/food-sitemap.xml; https://www.tastingtable.com/drink-sitemap.xml
Additional Popular Sites,Grub Street,https://www.grubstreet.com,https://www.grubstreet.com/sitemap.xml,https://www.grubstreet.com/recipe-sitemap.xml; https://www.grubstreet.com/restaurant-sitemap.xml; https://www.grubstreet.com/food-news-sitemap.xml
Additional Popular Sites,Eater,https://www.eater.com,https://www.eater.com/sitemaps/google_news,https://www.eater.com/recipe-sitemap.xml; https://www.eater.com/restaurant-sitemap.xml; https://www.eater.com/maps-sitemap.xml
Additional Popular Sites,My Baking Addiction,https://www.mybakingaddiction.com,https://www.mybakingaddiction.com/sitemap.xml,https://www.mybakingaddiction.com/recipe-sitemap.xml; https://www.mybakingaddiction.com/post-sitemap.xml; https://www.mybakingaddiction.com/category-sitemap.xml
Additional Popular Sites,Food.com,https://www.food.com,https://www.food.com/sitemap.xml,https://www.food.com/recipe-sitemap.xml; https://www.food.com/post-sitemap.xml; https://www.food.com/category-sitemap.xml
Additional Popular Sites,AllRecipes UK,https://www.allrecipes.co.uk,https://www.allrecipes.co.uk/recipes/,https://www.allrecipes.co.uk/recipes/; https://www.allrecipes.co.uk/recipe/
Additional Popular Sites,Recipeland,https://www.recipeland.com,https://www.recipeland.com/recipes/,https://www.recipeland.com/recipes/; https://www.recipeland.com/recipe/
