Category,Website Name,Main URL,Sitemap URL,Sub-sitemap URLs
Top Popular/General Recipe Sites,Allrecipes,https://www.allrecipes.com,https://www.allrecipes.com/sitemap_2.xml,https://www.allrecipes.com/recipe-sitemap.xml; https://www.allrecipes.com/post-sitemap.xml; https://www.allrecipes.com/page-sitemap.xml; https://www.allrecipes.com/category-sitemap.xml; https://www.allrecipes.com/tag-sitemap.xml; https://www.allrecipes.com/recipes-sitemap.xml
Top Popular/General Recipe Sites,Food Network,https://www.foodnetwork.com,https://www.foodnetwork.com/sitemaps/sitemap_food_index.xml,https://www.foodnetwork.com/site-sitemap.xml; https://www.foodnetwork.com/post-sitemap.xml; https://www.foodnetwork.com/page-sitemap.xml; https://www.foodnetwork.com/category-sitemap.xml; https://www.foodnetwork.com/tag-sitemap.xml; https://www.foodnetwork.com/recipes-sitemap.xml
Top Popular/General Recipe Sites,Simply Recipes,https://www.simplyrecipes.com,https://www.simplyrecipes.com/sitemap.xml,https://www.simplyrecipes.com/recipe-sitemap.xml; https://www.simplyrecipes.com/post-sitemap.xml; https://www.simplyrecipes.com/page-sitemap.xml; https://www.simplyrecipes.com/category-sitemap.xml; https://www.simplyrecipes.com/google-news-sitemap.xml; https://www.simplyrecipes.com/recipes-sitemap.xml
Top Popular/General Recipe Sites,Epicurious,https://www.epicurious.com,https://www.epicurious.com/sitemap.xml,https://www.epicurious.com/recipe-sitemap.xml; https://www.epicurious.com/post-sitemap.xml; https://www.epicurious.com/page-sitemap.xml; https://www.epicurious.com/category-sitemap.xml; https://www.epicurious.com/tag-sitemap.xml; https://www.epicurious.com/sitemap.xml
Top Popular/General Recipe Sites,The Kitchn,https://www.thekitchn.com,https://www.thekitchn.com/sitemap.xml,https://www.thekitchn.com/recipe-sitemap.xml; https://www.thekitchn.com/post-sitemap.xml; https://www.thekitchn.com/page-sitemap.xml; https://www.thekitchn.com/category-sitemap.xml; https://www.thekitchn.com/tag-sitemap.xml; https://www.thekitchn.com/recipes-sitemap.xml
Top Popular/General Recipe Sites,Food52,https://food52.com,https://food52.com/pages/recipes,https://food52.com/pages/recipes; https://food52.com/post-sitemap.xml; https://food52.com/page-sitemap.xml; https://food52.com/category-sitemap.xml; https://food52.com/tag-sitemap.xml; https://food52.com/recipes-sitemap.xml
Top Popular/General Recipe Sites,Serious Eats,https://www.seriouseats.com,https://www.seriouseats.com/sitemap.xml,https://www.seriouseats.com/recipe-sitemap.xml; https://www.seriouseats.com/post-sitemap.xml; https://www.seriouseats.com/page-sitemap.xml; https://www.seriouseats.com/category-sitemap.xml; https://www.seriouseats.com/tag-sitemap.xml; https://www.seriouseats.com/recipes-sitemap.xml
Top Popular/General Recipe Sites,NYT Cooking,https://cooking.nytimes.com,https://cooking.nytimes.com/sitemap.xml,https://cooking.nytimes.com/recipe-sitemap.xml; https://cooking.nytimes.com/post-sitemap.xml; https://cooking.nytimes.com/page-sitemap.xml; https://cooking.nytimes.com/category-sitemap.xml; https://cooking.nytimes.com/tag-sitemap.xml; https://cooking.nytimes.com/recipes-sitemap.xml
Top Popular/General Recipe Sites,Taste of Home,https://www.tasteofhome.com,https://www.tasteofhome.com/sitemap.xml,https://www.tasteofhome.com/recipe-sitemap.xml; https://www.tasteofhome.com/post-sitemap.xml; https://www.tasteofhome.com/page-sitemap.xml; https://www.tasteofhome.com/category-sitemap.xml; https://www.tasteofhome.com/tag-sitemap.xml; https://www.tasteofhome.com/recipes-sitemap.xml
Top Popular/General Recipe Sites,Food.com,https://www.food.com,https://www.food.com/html-sitemap,https://www.food.com/recipe-sitemap.xml; https://www.food.com/post-sitemap.xml; https://www.food.com/page-sitemap.xml; https://www.food.com/category-sitemap.xml; https://www.food.com/tag-sitemap.xml; https://www.food.com/recipes-sitemap.xml
Top Food Blogs,Pinch of Yum,https://pinchofyum.com,https://pinchofyum.com/sitemap.xml,https://pinchofyum.com/recipe-sitemap.xml; https://pinchofyum.com/post-sitemap.xml; https://pinchofyum.com/page-sitemap.xml; https://pinchofyum.com/category-sitemap.xml; https://pinchofyum.com/tag-sitemap.xml; https://pinchofyum.com/recipes-sitemap.xml
Top Food Blogs,Smitten Kitchen,https://smittenkitchen.com,https://smittenkitchen.com/sitemap.xml,https://smittenkitchen.com/recipe-sitemap.xml; https://smittenkitchen.com/post-sitemap.xml; https://smittenkitchen.com/page-sitemap.xml; https://smittenkitchen.com/category-sitemap.xml; https://smittenkitchen.com/tag-sitemap.xml; https://smittenkitchen.com/recipes-sitemap.xml
Top Food Blogs,Budget Bytes,https://www.budgetbytes.com,https://www.budgetbytes.com/sitemap.xml,https://www.budgetbytes.com/recipe-sitemap.xml; https://www.budgetbytes.com/post-sitemap.xml; https://www.budgetbytes.com/page-sitemap.xml; https://www.budgetbytes.com/category-sitemap.xml; https://www.budgetbytes.com/tag-sitemap.xml; https://www.budgetbytes.com/recipes-sitemap.xml
Top Food Blogs,Minimalist Baker,https://minimalistbaker.com,https://minimalistbaker.com/sitemap.xml,https://minimalistbaker.com/recipe-sitemap.xml; https://minimalistbaker.com/post-sitemap.xml; https://minimalistbaker.com/page-sitemap.xml; https://minimalistbaker.com/category-sitemap.xml; https://minimalistbaker.com/tag-sitemap.xml; https://minimalistbaker.com/recipes-sitemap.xml
Top Food Blogs,Love and Lemons,https://www.loveandlemons.com,https://www.loveandlemons.com/sitemap.xml,https://www.loveandlemons.com/recipe-sitemap.xml; https://www.loveandlemons.com/post-sitemap.xml; https://www.loveandlemons.com/page-sitemap.xml; https://www.loveandlemons.com/category-sitemap.xml; https://www.loveandlemons.com/tag-sitemap.xml; https://www.loveandlemons.com/recipes-sitemap.xml
Top Food Blogs,The Pioneer Woman,https://thepioneerwoman.com,https://thepioneerwoman.com/sitemap.xml,https://thepioneerwoman.com/recipe-sitemap.xml; https://thepioneerwoman.com/post-sitemap.xml; https://thepioneerwoman.com/page-sitemap.xml; https://thepioneerwoman.com/category-sitemap.xml; https://thepioneerwoman.com/tag-sitemap.xml; https://thepioneerwoman.com/recipes-sitemap.xml
Top Food Blogs,Damn Delicious,https://damndelicious.net,https://damndelicious.net/sitemap.xml,https://damndelicious.net/recipe-sitemap.xml; https://damndelicious.net/post-sitemap.xml; https://damndelicious.net/page-sitemap.xml; https://damndelicious.net/category-sitemap.xml; https://damndelicious.net/tag-sitemap.xml; https://damndelicious.net/recipes-sitemap.xml
Top Food Blogs,Gimme Some Oven,https://www.gimmesomeoven.com,https://www.gimmesomeoven.com/sitemap.xml,https://www.gimmesomeoven.com/recipe-sitemap.xml; https://www.gimmesomeoven.com/post-sitemap.xml; https://www.gimmesomeoven.com/page-sitemap.xml; https://www.gimmesomeoven.com/category-sitemap.xml; https://www.gimmesomeoven.com/tag-sitemap.xml; https://www.gimmesomeoven.com/recipes-sitemap.xml
Top Food Blogs,Skinnytaste,https://www.skinnytaste.com,https://www.skinnytaste.com/sitemap.xml,https://www.skinnytaste.com/recipe-sitemap.xml; https://www.skinnytaste.com/post-sitemap.xml; https://www.skinnytaste.com/page-sitemap.xml; https://www.skinnytaste.com/category-sitemap.xml; https://www.skinnytaste.com/tag-sitemap.xml; https://www.skinnytaste.com/recipes-sitemap.xml
Top Food Blogs,Cookie and Kate,https://cookieandkate.com,https://cookieandkate.com/sitemap.xml,https://cookieandkate.com/recipe-sitemap.xml; https://cookieandkate.com/post-sitemap.xml; https://cookieandkate.com/page-sitemap.xml; https://cookieandkate.com/category-sitemap.xml; https://cookieandkate.com/tag-sitemap.xml; https://cookieandkate.com/recipes-sitemap.xml
Baking & Dessert Sites,Sally's Baking Addiction,https://sallysbakingaddiction.com,https://sallysbakingaddiction.com/sitemap.xml,https://sallysbakingaddiction.com/recipe-sitemap.xml; https://sallysbakingaddiction.com/post-sitemap.xml; https://sallysbakingaddiction.com/page-sitemap.xml; https://sallysbakingaddiction.com/category-sitemap.xml; https://sallysbakingaddiction.com/tag-sitemap.xml; https://sallysbakingaddiction.com/recipes-sitemap.xml
Baking & Dessert Sites,King Arthur Baking,https://www.kingarthurbaking.com,https://www.kingarthurbaking.com/sitemap.xml,https://www.kingarthurbaking.com/recipe-sitemap.xml; https://www.kingarthurbaking.com/post-sitemap.xml; https://www.kingarthurbaking.com/page-sitemap.xml; https://www.kingarthurbaking.com/category-sitemap.xml; https://www.kingarthurbaking.com/tag-sitemap.xml; https://www.kingarthurbaking.com/recipes-sitemap.xml
Baking & Dessert Sites,Joy the Baker,https://joythebaker.com,https://joythebaker.com/sitemap.xml,https://joythebaker.com/recipe-sitemap.xml; https://joythebaker.com/post-sitemap.xml; https://joythebaker.com/page-sitemap.xml; https://joythebaker.com/category-sitemap.xml; https://joythebaker.com/tag-sitemap.xml; https://joythebaker.com/recipes-sitemap.xml
Baking & Dessert Sites,Brown Eyed Baker,https://www.browneyedbaker.com,https://www.browneyedbaker.com/sitemap.xml,https://www.browneyedbaker.com/recipe-sitemap.xml; https://www.browneyedbaker.com/post-sitemap.xml; https://www.browneyedbaker.com/page-sitemap.xml; https://www.browneyedbaker.com/category-sitemap.xml; https://www.browneyedbaker.com/tag-sitemap.xml; https://www.browneyedbaker.com/recipes-sitemap.xml
Baking & Dessert Sites,Preppy Kitchen,https://preppykitchen.com,https://preppykitchen.com/sitemap.xml,https://preppykitchen.com/recipe-sitemap.xml; https://preppykitchen.com/post-sitemap.xml; https://preppykitchen.com/page-sitemap.xml; https://preppykitchen.com/category-sitemap.xml; https://preppykitchen.com/tag-sitemap.xml; https://preppykitchen.com/recipes-sitemap.xml
Baking & Dessert Sites,Sugar Spun Run,https://sugarspunrun.com,https://sugarspunrun.com/sitemap.xml,https://sugarspunrun.com/recipe-sitemap.xml; https://sugarspunrun.com/post-sitemap.xml; https://sugarspunrun.com/page-sitemap.xml; https://sugarspunrun.com/category-sitemap.xml; https://sugarspunrun.com/tag-sitemap.xml; https://sugarspunrun.com/recipes-sitemap.xml
Baking & Dessert Sites,Cloudy Kitchen,https://cloudykitchen.com,https://cloudykitchen.com/sitemap.xml,https://cloudykitchen.com/recipe-sitemap.xml; https://cloudykitchen.com/post-sitemap.xml; https://cloudykitchen.com/page-sitemap.xml; https://cloudykitchen.com/category-sitemap.xml; https://cloudykitchen.com/tag-sitemap.xml; https://cloudykitchen.com/recipes-sitemap.xml
Baking & Dessert Sites,Always Eat Dessert,https://alwayseatdessert.com,https://alwayseatdessert.com/sitemap.xml,https://alwayseatdessert.com/recipe-sitemap.xml; https://alwayseatdessert.com/post-sitemap.xml; https://alwayseatdessert.com/page-sitemap.xml; https://alwayseatdessert.com/category-sitemap.xml; https://alwayseatdessert.com/tag-sitemap.xml; https://alwayseatdessert.com/recipes-sitemap.xml
Baking & Dessert Sites,Hummingbird High,https://www.hummingbirdhigh.com,https://www.hummingbirdhigh.com/sitemap.xml,https://www.hummingbirdhigh.com/recipe-sitemap.xml; https://www.hummingbirdhigh.com/post-sitemap.xml; https://www.hummingbirdhigh.com/page-sitemap.xml; https://www.hummingbirdhigh.com/category-sitemap.xml; https://www.hummingbirdhigh.com/tag-sitemap.xml; https://www.hummingbirdhigh.com/recipes-sitemap.xml
Baking & Dessert Sites,The Cake Blog,https://thecakeblog.com,https://thecakeblog.com/sitemap.xml,https://thecakeblog.com/recipe-sitemap.xml; https://thecakeblog.com/post-sitemap.xml; https://thecakeblog.com/page-sitemap.xml; https://thecakeblog.com/category-sitemap.xml; https://thecakeblog.com/tag-sitemap.xml; https://thecakeblog.com/recipes-sitemap.xml
International & Asian Cuisine,The Woks of Life,https://thewoksoflife.com,https://thewoksoflife.com/sitemap.xml,https://thewoksoflife.com/recipe-sitemap.xml; https://thewoksoflife.com/post-sitemap.xml; https://thewoksoflife.com/page-sitemap.xml; https://thewoksoflife.com/category-sitemap.xml; https://thewoksoflife.com/tag-sitemap.xml; https://thewoksoflife.com/recipes-sitemap.xml
International & Asian Cuisine,Just One Cookbook (Japanese),https://www.justonecookbook.com,https://www.justonecookbook.com/sitemap.xml,https://www.justonecookbook.com/recipe-sitemap.xml; https://www.justonecookbook.com/post-sitemap.xml; https://www.justonecookbook.com/page-sitemap.xml; https://www.justonecookbook.com/category-sitemap.xml; https://www.justonecookbook.com/tag-sitemap.xml; https://www.justonecookbook.com/recipes-sitemap.xml
International & Asian Cuisine,Omnivore's Cookbook (Chinese),https://omnivorescookbook.com,https://omnivorescookbook.com/sitemap.xml,https://omnivorescookbook.com/recipe-sitemap.xml; https://omnivorescookbook.com/post-sitemap.xml; https://omnivorescookbook.com/page-sitemap.xml; https://omnivorescookbook.com/category-sitemap.xml; https://omnivorescookbook.com/tag-sitemap.xml; https://omnivorescookbook.com/recipes-sitemap.xml
International & Asian Cuisine,Christie at Home (Asian),https://christieathome.com,https://christieathome.com/sitemap.xml,https://christieathome.com/recipe-sitemap.xml; https://christieathome.com/post-sitemap.xml; https://christieathome.com/page-sitemap.xml; https://christieathome.com/category-sitemap.xml; https://christieathome.com/tag-sitemap.xml; https://christieathome.com/recipes-sitemap.xml
International & Asian Cuisine,Hot Thai Kitchen,https://hot-thai-kitchen.com,https://hot-thai-kitchen.com/sitemap.xml,https://hot-thai-kitchen.com/recipe-sitemap.xml; https://hot-thai-kitchen.com/post-sitemap.xml; https://hot-thai-kitchen.com/page-sitemap.xml; https://hot-thai-kitchen.com/category-sitemap.xml; https://hot-thai-kitchen.com/tag-sitemap.xml; https://hot-thai-kitchen.com/recipes-sitemap.xml
International & Asian Cuisine,Maangchi (Korean),https://www.maangchi.com,https://www.maangchi.com/sitemap.xml,https://www.maangchi.com/recipe-sitemap.xml; https://www.maangchi.com/post-sitemap.xml; https://www.maangchi.com/page-sitemap.xml; https://www.maangchi.com/category-sitemap.xml; https://www.maangchi.com/tag-sitemap.xml; https://www.maangchi.com/recipes-sitemap.xml
International & Asian Cuisine,Recipe Tin Eats,https://www.recipetineats.com,https://www.recipetineats.com/sitemap.xml,https://www.recipetineats.com/recipe-sitemap.xml; https://www.recipetineats.com/post-sitemap.xml; https://www.recipetineats.com/page-sitemap.xml; https://www.recipetineats.com/category-sitemap.xml; https://www.recipetineats.com/tag-sitemap.xml; https://www.recipetineats.com/recipes-sitemap.xml
International & Asian Cuisine,Asian Cooking Mom,https://www.asiancookingmom.com,https://www.asiancookingmom.com/sitemap.xml,https://www.asiancookingmom.com/recipe-sitemap.xml; https://www.asiancookingmom.com/post-sitemap.xml; https://www.asiancookingmom.com/page-sitemap.xml; https://www.asiancookingmom.com/category-sitemap.xml; https://www.asiancookingmom.com/tag-sitemap.xml; https://www.asiancookingmom.com/recipes-sitemap.xml
International & Asian Cuisine,Eat Cho Food,https://eatchofood.com,https://eatchofood.com/sitemap.xml,https://eatchofood.com/recipe-sitemap.xml; https://eatchofood.com/post-sitemap.xml; https://eatchofood.com/page-sitemap.xml; https://eatchofood.com/category-sitemap.xml; https://eatchofood.com/tag-sitemap.xml; https://eatchofood.com/recipes-sitemap.xml
International & Asian Cuisine,Taste of Asian Food,https://tasteasianfood.com,https://tasteasianfood.com/sitemap.xml,https://tasteasianfood.com/recipe-sitemap.xml; https://tasteasianfood.com/post-sitemap.xml; https://tasteasianfood.com/page-sitemap.xml; https://tasteasianfood.com/category-sitemap.xml; https://tasteasianfood.com/tag-sitemap.xml; https://tasteasianfood.com/recipes-sitemap.xml
Indian Cuisine Sites,Ministry of Curry,https://ministryofcurry.com,https://ministryofcurry.com/sitemap.xml,https://ministryofcurry.com/recipe-sitemap.xml; https://ministryofcurry.com/post-sitemap.xml; https://ministryofcurry.com/page-sitemap.xml; https://ministryofcurry.com/category-sitemap.xml; https://ministryofcurry.com/tag-sitemap.xml; https://ministryofcurry.com/recipes-sitemap.xml
Indian Cuisine Sites,My Heart Beets,https://myheartbeets.com,https://myheartbeets.com/sitemap.xml,https://myheartbeets.com/recipe-sitemap.xml; https://myheartbeets.com/post-sitemap.xml; https://myheartbeets.com/page-sitemap.xml; https://myheartbeets.com/category-sitemap.xml; https://myheartbeets.com/tag-sitemap.xml; https://myheartbeets.com/recipes-sitemap.xml
Indian Cuisine Sites,Veg Recipes of India,https://www.vegrecipesofindia.com,https://www.vegrecipesofindia.com/sitemap.xml,https://www.vegrecipesofindia.com/recipe-sitemap.xml; https://www.vegrecipesofindia.com/post-sitemap.xml; https://www.vegrecipesofindia.com/page-sitemap.xml; https://www.vegrecipesofindia.com/category-sitemap.xml; https://www.vegrecipesofindia.com/tag-sitemap.xml; https://www.vegrecipesofindia.com/recipes-sitemap.xml
Indian Cuisine Sites,Archana's Kitchen,https://www.archanaskitchen.com,https://www.archanaskitchen.com/sitemap.xml,https://www.archanaskitchen.com/recipe-sitemap.xml; https://www.archanaskitchen.com/post-sitemap.xml; https://www.archanaskitchen.com/page-sitemap.xml; https://www.archanaskitchen.com/category-sitemap.xml; https://www.archanaskitchen.com/tag-sitemap.xml; https://www.archanaskitchen.com/recipes-sitemap.xml
Indian Cuisine Sites,Cook With Manali,https://www.cookwithmanali.com,https://www.cookwithmanali.com/sitemap.xml,https://www.cookwithmanali.com/recipe-sitemap.xml; https://www.cookwithmanali.com/post-sitemap.xml; https://www.cookwithmanali.com/page-sitemap.xml; https://www.cookwithmanali.com/category-sitemap.xml; https://www.cookwithmanali.com/tag-sitemap.xml; https://www.cookwithmanali.com/recipes-sitemap.xml
Indian Cuisine Sites,My Food Story,https://myfoodstory.com,https://myfoodstory.com/sitemap.xml,https://myfoodstory.com/recipe-sitemap.xml; https://myfoodstory.com/post-sitemap.xml; https://myfoodstory.com/page-sitemap.xml; https://myfoodstory.com/category-sitemap.xml; https://myfoodstory.com/tag-sitemap.xml; https://myfoodstory.com/recipes-sitemap.xml
Indian Cuisine Sites,Sailu's Kitchen,https://www.sailusfood.com,https://www.sailusfood.com/sitemap.xml,https://www.sailusfood.com/recipe-sitemap.xml; https://www.sailusfood.com/post-sitemap.xml; https://www.sailusfood.com/page-sitemap.xml; https://www.sailusfood.com/category-sitemap.xml; https://www.sailusfood.com/tag-sitemap.xml; https://www.sailusfood.com/recipes-sitemap.xml
Indian Cuisine Sites,Hebbar's Kitchen,https://hebbarskitchen.com,https://hebbarskitchen.com/sitemap.xml,https://hebbarskitchen.com/recipe-sitemap.xml; https://hebbarskitchen.com/post-sitemap.xml; https://hebbarskitchen.com/page-sitemap.xml; https://hebbarskitchen.com/category-sitemap.xml; https://hebbarskitchen.com/tag-sitemap.xml; https://hebbarskitchen.com/recipes-sitemap.xml
Indian Cuisine Sites,Piping Pot Curry,https://pipingpotcurry.com,https://pipingpotcurry.com/sitemap.xml,https://pipingpotcurry.com/recipe-sitemap.xml; https://pipingpotcurry.com/post-sitemap.xml; https://pipingpotcurry.com/page-sitemap.xml; https://pipingpotcurry.com/category-sitemap.xml; https://pipingpotcurry.com/tag-sitemap.xml; https://pipingpotcurry.com/recipes-sitemap.xml
Indian Cuisine Sites,Tea for Turmeric,https://www.teaforturmeric.com,https://www.teaforturmeric.com/sitemap.xml,https://www.teaforturmeric.com/recipe-sitemap.xml; https://www.teaforturmeric.com/post-sitemap.xml; https://www.teaforturmeric.com/page-sitemap.xml; https://www.teaforturmeric.com/category-sitemap.xml; https://www.teaforturmeric.com/tag-sitemap.xml; https://www.teaforturmeric.com/recipes-sitemap.xml
Mediterranean & Middle Eastern,The Mediterranean Dish,https://www.themediterraneandish.com,https://www.themediterraneandish.com/sitemap.xml,https://www.themediterraneandish.com/recipe-sitemap.xml; https://www.themediterraneandish.com/post-sitemap.xml; https://www.themediterraneandish.com/page-sitemap.xml; https://www.themediterraneandish.com/category-sitemap.xml; https://www.themediterraneandish.com/tag-sitemap.xml; https://www.themediterraneandish.com/recipes-sitemap.xml
Mediterranean & Middle Eastern,Mediterranean Living,https://www.mediterraneanliving.com,https://www.mediterraneanliving.com/sitemap.xml,https://www.mediterraneanliving.com/recipe-sitemap.xml; https://www.mediterraneanliving.com/post-sitemap.xml; https://www.mediterraneanliving.com/page-sitemap.xml; https://www.mediterraneanliving.com/category-sitemap.xml; https://www.mediterraneanliving.com/tag-sitemap.xml; https://www.mediterraneanliving.com/recipes-sitemap.xml
Mediterranean & Middle Eastern,Tori Avey Mediterranean,https://toriavey.com,https://toriavey.com/sitemap.xml,https://toriavey.com/recipe-sitemap.xml; https://toriavey.com/post-sitemap.xml; https://toriavey.com/page-sitemap.xml; https://toriavey.com/category-sitemap.xml; https://toriavey.com/tag-sitemap.xml; https://toriavey.com/recipes-sitemap.xml
Mediterranean & Middle Eastern,The Hungry Bites (Greek),https://www.thehungrybites.com,https://www.thehungrybites.com/sitemap.xml,https://www.thehungrybites.com/recipe-sitemap.xml; https://www.thehungrybites.com/post-sitemap.xml; https://www.thehungrybites.com/page-sitemap.xml; https://www.thehungrybites.com/category-sitemap.xml; https://www.thehungrybites.com/tag-sitemap.xml; https://www.thehungrybites.com/recipes-sitemap.xml
Mediterranean & Middle Eastern,Olive Tomato,https://www.olivetomato.com,https://www.olivetomato.com/sitemap.xml,https://www.olivetomato.com/recipe-sitemap.xml; https://www.olivetomato.com/post-sitemap.xml; https://www.olivetomato.com/page-sitemap.xml; https://www.olivetomato.com/category-sitemap.xml; https://www.olivetomato.com/tag-sitemap.xml; https://www.olivetomato.com/recipes-sitemap.xml
Mediterranean & Middle Eastern,My Greek Dish,https://www.mygreekdish.com,https://www.mygreekdish.com/sitemap.xml,https://www.mygreekdish.com/recipe-sitemap.xml; https://www.mygreekdish.com/post-sitemap.xml; https://www.mygreekdish.com/page-sitemap.xml; https://www.mygreekdish.com/category-sitemap.xml; https://www.mygreekdish.com/tag-sitemap.xml; https://www.mygreekdish.com/recipes-sitemap.xml
Mediterranean & Middle Eastern,Akis Petretzikis,https://akispetretzikis.com,https://akispetretzikis.com/sitemap.xml,https://akispetretzikis.com/recipe-sitemap.xml; https://akispetretzikis.com/post-sitemap.xml; https://akispetretzikis.com/page-sitemap.xml; https://akispetretzikis.com/category-sitemap.xml; https://akispetretzikis.com/tag-sitemap.xml; https://akispetretzikis.com/recipes-sitemap.xml
Mediterranean & Middle Eastern,Downshiftology,https://downshiftology.com,https://downshiftology.com/sitemap.xml,https://downshiftology.com/recipe-sitemap.xml; https://downshiftology.com/post-sitemap.xml; https://downshiftology.com/page-sitemap.xml; https://downshiftology.com/category-sitemap.xml; https://downshiftology.com/tag-sitemap.xml; https://downshiftology.com/recipes-sitemap.xml
Mediterranean & Middle Eastern,Little Spice Jar,https://littlespicejar.com,https://littlespicejar.com/sitemap.xml,https://littlespicejar.com/recipe-sitemap.xml; https://littlespicejar.com/post-sitemap.xml; https://littlespicejar.com/page-sitemap.xml; https://littlespicejar.com/category-sitemap.xml; https://littlespicejar.com/tag-sitemap.xml; https://littlespicejar.com/recipes-sitemap.xml
Mediterranean & Middle Eastern,Foolproof Living,https://foolproofliving.com,https://foolproofliving.com/sitemap.xml,https://foolproofliving.com/recipe-sitemap.xml; https://foolproofliving.com/post-sitemap.xml; https://foolproofliving.com/page-sitemap.xml; https://foolproofliving.com/category-sitemap.xml; https://foolproofliving.com/tag-sitemap.xml; https://foolproofliving.com/recipes-sitemap.xml
International Cuisine Blogs,Ethnic Spoon,https://ethnicspoon.com,https://ethnicspoon.com/sitemap.xml,https://ethnicspoon.com/recipe-sitemap.xml; https://ethnicspoon.com/post-sitemap.xml; https://ethnicspoon.com/page-sitemap.xml; https://ethnicspoon.com/category-sitemap.xml; https://ethnicspoon.com/tag-sitemap.xml; https://ethnicspoon.com/recipes-sitemap.xml
International Cuisine Blogs,The Foreign Fork,https://foreignfork.com,https://foreignfork.com/sitemap.xml,https://foreignfork.com/recipe-sitemap.xml; https://foreignfork.com/post-sitemap.xml; https://foreignfork.com/page-sitemap.xml; https://foreignfork.com/category-sitemap.xml; https://foreignfork.com/tag-sitemap.xml; https://foreignfork.com/recipes-sitemap.xml
International Cuisine Blogs,Caroline's Cooking,https://www.carolinescooking.com,https://www.carolinescooking.com/sitemap.xml,https://www.carolinescooking.com/recipe-sitemap.xml; https://www.carolinescooking.com/post-sitemap.xml; https://www.carolinescooking.com/page-sitemap.xml; https://www.carolinescooking.com/category-sitemap.xml; https://www.carolinescooking.com/tag-sitemap.xml; https://www.carolinescooking.com/recipes-sitemap.xml
International Cuisine Blogs,International Cuisine,https://www.internationalcuisine.com,https://www.internationalcuisine.com/sitemap.xml,https://www.internationalcuisine.com/recipe-sitemap.xml; https://www.internationalcuisine.com/post-sitemap.xml; https://www.internationalcuisine.com/page-sitemap.xml; https://www.internationalcuisine.com/category-sitemap.xml; https://www.internationalcuisine.com/tag-sitemap.xml; https://www.internationalcuisine.com/recipes-sitemap.xml
International Cuisine Blogs,Global Table Adventure,https://globaltableadventure.com,https://globaltableadventure.com/sitemap.xml,https://globaltableadventure.com/recipe-sitemap.xml; https://globaltableadventure.com/post-sitemap.xml; https://globaltableadventure.com/page-sitemap.xml; https://globaltableadventure.com/category-sitemap.xml; https://globaltableadventure.com/tag-sitemap.xml; https://globaltableadventure.com/recipes-sitemap.xml
International Cuisine Blogs,My Global Cuisine,https://myglobalcuisine.com,https://myglobalcuisine.com/sitemap.xml,https://myglobalcuisine.com/recipe-sitemap.xml; https://myglobalcuisine.com/post-sitemap.xml; https://myglobalcuisine.com/page-sitemap.xml; https://myglobalcuisine.com/category-sitemap.xml; https://myglobalcuisine.com/tag-sitemap.xml; https://myglobalcuisine.com/recipes-sitemap.xml
International Cuisine Blogs,Immigrant's Table,https://immigrantstable.com,https://immigrantstable.com/sitemap.xml,https://immigrantstable.com/recipe-sitemap.xml; https://immigrantstable.com/post-sitemap.xml; https://immigrantstable.com/page-sitemap.xml; https://immigrantstable.com/category-sitemap.xml; https://immigrantstable.com/tag-sitemap.xml; https://immigrantstable.com/recipes-sitemap.xml
International Cuisine Blogs,TasteAtlas,https://www.tasteatlas.com,https://www.tasteatlas.com/sitemap.xml,https://www.tasteatlas.com/recipe-sitemap.xml; https://www.tasteatlas.com/post-sitemap.xml; https://www.tasteatlas.com/page-sitemap.xml; https://www.tasteatlas.com/category-sitemap.xml; https://www.tasteatlas.com/tag-sitemap.xml; https://www.tasteatlas.com/recipes-sitemap.xml
International Cuisine Blogs,Tyler Cowen's Ethnic Dining Guide,https://tylercowensethnicdiningguide.com,https://tylercowensethnicdiningguide.com/sitemap.xml,https://tylercowensethnicdiningguide.com/recipe-sitemap.xml; https://tylercowensethnicdiningguide.com/post-sitemap.xml; https://tylercowensethnicdiningguide.com/page-sitemap.xml; https://tylercowensethnicdiningguide.com/category-sitemap.xml; https://tylercowensethnicdiningguide.com/tag-sitemap.xml; https://tylercowensethnicdiningguide.com/recipes-sitemap.xml
International Cuisine Blogs,Saveur,https://www.saveur.com,https://www.saveur.com/sitemap.xml,https://www.saveur.com/recipe-sitemap.xml; https://www.saveur.com/post-sitemap.xml; https://www.saveur.com/page-sitemap.xml; https://www.saveur.com/category-sitemap.xml; https://www.saveur.com/tag-sitemap.xml; https://www.saveur.com/recipes-sitemap.xml
Specialty & Diet-Focused,The Soul Food Pot,https://thesoulfoodpot.com,https://thesoulfoodpot.com/sitemap.xml,https://thesoulfoodpot.com/recipe-sitemap.xml; https://thesoulfoodpot.com/post-sitemap.xml; https://thesoulfoodpot.com/page-sitemap.xml; https://thesoulfoodpot.com/category-sitemap.xml; https://thesoulfoodpot.com/tag-sitemap.xml; https://thesoulfoodpot.com/recipes-sitemap.xml
Specialty & Diet-Focused,Half Baked Harvest,https://www.halfbakedharvest.com,https://www.halfbakedharvest.com/sitemap.xml,https://www.halfbakedharvest.com/recipe-sitemap.xml; https://www.halfbakedharvest.com/post-sitemap.xml; https://www.halfbakedharvest.com/page-sitemap.xml; https://www.halfbakedharvest.com/category-sitemap.xml; https://www.halfbakedharvest.com/tag-sitemap.xml; https://www.halfbakedharvest.com/recipes-sitemap.xml
Specialty & Diet-Focused,How Sweet Eats,https://www.howsweeteats.com,https://www.howsweeteats.com/sitemap.xml,https://www.howsweeteats.com/recipe-sitemap.xml; https://www.howsweeteats.com/post-sitemap.xml; https://www.howsweeteats.com/page-sitemap.xml; https://www.howsweeteats.com/category-sitemap.xml; https://www.howsweeteats.com/tag-sitemap.xml; https://www.howsweeteats.com/recipes-sitemap.xml
Specialty & Diet-Focused,A Couple Cooks,https://www.acouplecooks.com,https://www.acouplecooks.com/sitemap.xml,https://www.acouplecooks.com/recipe-sitemap.xml; https://www.acouplecooks.com/post-sitemap.xml; https://www.acouplecooks.com/page-sitemap.xml; https://www.acouplecooks.com/category-sitemap.xml; https://www.acouplecooks.com/tag-sitemap.xml; https://www.acouplecooks.com/recipes-sitemap.xml
Specialty & Diet-Focused,Ambitious Kitchen,https://www.ambitiouskitchen.com,https://www.ambitiouskitchen.com/sitemap.xml,https://www.ambitiouskitchen.com/recipe-sitemap.xml; https://www.ambitiouskitchen.com/post-sitemap.xml; https://www.ambitiouskitchen.com/page-sitemap.xml; https://www.ambitiouskitchen.com/category-sitemap.xml; https://www.ambitiouskitchen.com/tag-sitemap.xml; https://www.ambitiouskitchen.com/recipes-sitemap.xml
Specialty & Diet-Focused,Two Peas & Their Pod,https://www.twopeasandtheirpod.com,https://www.twopeasandtheirpod.com/sitemap.xml,https://www.twopeasandtheirpod.com/recipe-sitemap.xml; https://www.twopeasandtheirpod.com/post-sitemap.xml; https://www.twopeasandtheirpod.com/page-sitemap.xml; https://www.twopeasandtheirpod.com/category-sitemap.xml; https://www.twopeasandtheirpod.com/tag-sitemap.xml; https://www.twopeasandtheirpod.com/recipes-sitemap.xml
Specialty & Diet-Focused,Spend With Pennies,https://spendwithpennies.com,https://spendwithpennies.com/sitemap.xml,https://spendwithpennies.com/recipe-sitemap.xml; https://spendwithpennies.com/post-sitemap.xml; https://spendwithpennies.com/page-sitemap.xml; https://spendwithpennies.com/category-sitemap.xml; https://spendwithpennies.com/tag-sitemap.xml; https://spendwithpennies.com/recipes-sitemap.xml
Specialty & Diet-Focused,Tastes Better From Scratch,https://tastesbetterfromscratch.com,https://tastesbetterfromscratch.com/sitemap.xml,https://tastesbetterfromscratch.com/recipe-sitemap.xml; https://tastesbetterfromscratch.com/post-sitemap.xml; https://tastesbetterfromscratch.com/page-sitemap.xml; https://tastesbetterfromscratch.com/category-sitemap.xml; https://tastesbetterfromscratch.com/tag-sitemap.xml; https://tastesbetterfromscratch.com/recipes-sitemap.xml
Specialty & Diet-Focused,The Recipe Critic,https://therecipecritic.com,https://therecipecritic.com/sitemap.xml,https://therecipecritic.com/recipe-sitemap.xml; https://therecipecritic.com/post-sitemap.xml; https://therecipecritic.com/page-sitemap.xml; https://therecipecritic.com/category-sitemap.xml; https://therecipecritic.com/tag-sitemap.xml; https://therecipecritic.com/recipes-sitemap.xml
Specialty & Diet-Focused,Once Upon a Chef,https://www.onceuponachef.com,https://www.onceuponachef.com/sitemap.xml,https://www.onceuponachef.com/recipe-sitemap.xml; https://www.onceuponachef.com/post-sitemap.xml; https://www.onceuponachef.com/page-sitemap.xml; https://www.onceuponachef.com/category-sitemap.xml; https://www.onceuponachef.com/tag-sitemap.xml; https://www.onceuponachef.com/recipes-sitemap.xml
International & Specialty Sites,BBC Good Food,https://www.bbcgoodfood.com,https://www.bbcgoodfood.com/sitemap.xml,https://www.bbcgoodfood.com/recipe-sitemap.xml; https://www.bbcgoodfood.com/post-sitemap.xml; https://www.bbcgoodfood.com/page-sitemap.xml; https://www.bbcgoodfood.com/category-sitemap.xml; https://www.bbcgoodfood.com/tag-sitemap.xml; https://www.bbcgoodfood.com/recipes-sitemap.xml
International & Specialty Sites,Cookpad,https://cookpad.com,https://cookpad.com/us/recipes,https://cookpad.com/us/recipes; https://cookpad.com/post-sitemap.xml; https://cookpad.com/page-sitemap.xml; https://cookpad.com/category-sitemap.xml; https://cookpad.com/tag-sitemap.xml; https://cookpad.com/recipes-sitemap.xml
International & Specialty Sites,Delish,https://www.delish.com,https://www.delish.com/food/recipes,https://www.delish.com/food/recipes; https://www.delish.com/post-sitemap.xml; https://www.delish.com/page-sitemap.xml; https://www.delish.com/category-sitemap.xml; https://www.delish.com/tag-sitemap.xml; https://www.delish.com/recipes-sitemap.xml
International & Specialty Sites,EatingWell,https://www.eatingwell.com,https://www.eatingwell.com/sitemap.xml,https://www.eatingwell.com/recipe-sitemap.xml; https://www.eatingwell.com/post-sitemap.xml; https://www.eatingwell.com/page-sitemap.xml; https://www.eatingwell.com/category-sitemap.xml; https://www.eatingwell.com/tag-sitemap.xml; https://www.eatingwell.com/recipes-sitemap.xml
International & Specialty Sites,Food & Wine,https://www.foodandwine.com,https://www.foodandwine.com/sitemap.xml,https://www.foodandwine.com/recipe-sitemap.xml; https://www.foodandwine.com/post-sitemap.xml; https://www.foodandwine.com/page-sitemap.xml; https://www.foodandwine.com/category-sitemap.xml; https://www.foodandwine.com/tag-sitemap.xml; https://www.foodandwine.com/recipes-sitemap.xml
International & Specialty Sites,Bon App√©tit,https://www.bonappetit.com,https://www.bonappetit.com/sitemap.xml,https://www.bonappetit.com/recipe-sitemap.xml; https://www.bonappetit.com/post-sitemap.xml; https://www.bonappetit.com/page-sitemap.xml; https://www.bonappetit.com/category-sitemap.xml; https://www.bonappetit.com/tag-sitemap.xml; https://www.bonappetit.com/recipes-sitemap.xml
International & Specialty Sites,Martha Stewart,https://www.marthastewart.com,https://www.marthastewart.com/sitemap.xml,https://www.marthastewart.com/recipe-sitemap.xml; https://www.marthastewart.com/post-sitemap.xml; https://www.marthastewart.com/page-sitemap.xml; https://www.marthastewart.com/category-sitemap.xml; https://www.marthastewart.com/tag-sitemap.xml; https://www.marthastewart.com/recipes-sitemap.xml
International & Specialty Sites,Cooking Light,https://www.cookinglight.com,https://www.cookinglight.com/sitemap.xml,https://www.cookinglight.com/recipe-sitemap.xml; https://www.cookinglight.com/post-sitemap.xml; https://www.cookinglight.com/page-sitemap.xml; https://www.cookinglight.com/category-sitemap.xml; https://www.cookinglight.com/tag-sitemap.xml; https://www.cookinglight.com/recipes-sitemap.xml
International & Specialty Sites,Southern Living,https://www.southernliving.com,https://www.southernliving.com/sitemap.xml,https://www.southernliving.com/recipe-sitemap.xml; https://www.southernliving.com/post-sitemap.xml; https://www.southernliving.com/page-sitemap.xml; https://www.southernliving.com/category-sitemap.xml; https://www.southernliving.com/tag-sitemap.xml; https://www.southernliving.com/recipes-sitemap.xml
International & Specialty Sites,Real Simple,https://www.realsimple.com,https://www.realsimple.com/sitemap.xml,https://www.realsimple.com/recipe-sitemap.xml; https://www.realsimple.com/post-sitemap.xml; https://www.realsimple.com/page-sitemap.xml; https://www.realsimple.com/category-sitemap.xml; https://www.realsimple.com/tag-sitemap.xml; https://www.realsimple.com/recipes-sitemap.xml
Additional Popular Sites,I Just Want To Eat,https://www.ijustwanttoeat.com,https://www.ijustwanttoeat.com/sitemap.xml,https://www.ijustwanttoeat.com/recipe-sitemap.xml; https://www.ijustwanttoeat.com/post-sitemap.xml; https://www.ijustwanttoeat.com/page-sitemap.xml; https://www.ijustwanttoeat.com/category-sitemap.xml; https://www.ijustwanttoeat.com/tag-sitemap.xml; https://www.ijustwanttoeat.com/recipes-sitemap.xml
Additional Popular Sites,My Baking Addiction,https://www.mybakingaddiction.com,https://www.mybakingaddiction.com/sitemap.xml,https://www.mybakingaddiction.com/recipe-sitemap.xml; https://www.mybakingaddiction.com/post-sitemap.xml; https://www.mybakingaddiction.com/page-sitemap.xml; https://www.mybakingaddiction.com/category-sitemap.xml; https://www.mybakingaddiction.com/tag-sitemap.xml; https://www.mybakingaddiction.com/recipes-sitemap.xml
Additional Popular Sites,Baking Bites,https://bakingbites.com,https://bakingbites.com/sitemap.xml,https://bakingbites.com/recipe-sitemap.xml; https://bakingbites.com/post-sitemap.xml; https://bakingbites.com/page-sitemap.xml; https://bakingbites.com/category-sitemap.xml; https://bakingbites.com/tag-sitemap.xml; https://bakingbites.com/recipes-sitemap.xml
Additional Popular Sites,Sweetest Menu,https://www.sweetestmenu.com,https://www.sweetestmenu.com/sitemap.xml,https://www.sweetestmenu.com/recipe-sitemap.xml; https://www.sweetestmenu.com/post-sitemap.xml; https://www.sweetestmenu.com/page-sitemap.xml; https://www.sweetestmenu.com/category-sitemap.xml; https://www.sweetestmenu.com/tag-sitemap.xml; https://www.sweetestmenu.com/recipes-sitemap.xml
Additional Popular Sites,Cooking Channel,https://www.cookingchanneltv.com,https://www.cookingchanneltv.com/sitemap.xml,https://www.cookingchanneltv.com/recipe-sitemap.xml; https://www.cookingchanneltv.com/post-sitemap.xml; https://www.cookingchanneltv.com/page-sitemap.xml; https://www.cookingchanneltv.com/category-sitemap.xml; https://www.cookingchanneltv.com/tag-sitemap.xml; https://www.cookingchanneltv.com/recipes-sitemap.xml
Additional Popular Sites,Tasting Table,https://www.tastingtable.com,https://www.tastingtable.com/sitemap.xml,https://www.tastingtable.com/recipe-sitemap.xml; https://www.tastingtable.com/post-sitemap.xml; https://www.tastingtable.com/page-sitemap.xml; https://www.tastingtable.com/category-sitemap.xml; https://www.tastingtable.com/tag-sitemap.xml; https://www.tastingtable.com/recipes-sitemap.xml
Additional Popular Sites,Grub Street,https://www.grubstreet.com,https://www.grubstreet.com/sitemap.xml,https://www.grubstreet.com/recipe-sitemap.xml; https://www.grubstreet.com/post-sitemap.xml; https://www.grubstreet.com/page-sitemap.xml; https://www.grubstreet.com/category-sitemap.xml; https://www.grubstreet.com/tag-sitemap.xml; https://www.grubstreet.com/recipes-sitemap.xml
Additional Popular Sites,Eater,https://www.eater.com,https://www.eater.com/sitemap.xml,https://www.eater.com/recipe-sitemap.xml; https://www.eater.com/post-sitemap.xml; https://www.eater.com/page-sitemap.xml; https://www.eater.com/category-sitemap.xml; https://www.eater.com/tag-sitemap.xml; https://www.eater.com/recipes-sitemap.xml
Additional Popular Sites,That Nurse Can Cook,https://thatnursecancook.com,https://thatnursecancook.com/sitemap.xml,https://thatnursecancook.com/recipe-sitemap.xml; https://thatnursecancook.com/post-sitemap.xml; https://thatnursecancook.com/page-sitemap.xml; https://thatnursecancook.com/category-sitemap.xml; https://thatnursecancook.com/tag-sitemap.xml; https://thatnursecancook.com/recipes-sitemap.xml
Additional Popular Sites,Savor and Sage,https://savorandsage.com,https://savorandsage.com/sitemap.xml,https://savorandsage.com/recipe-sitemap.xml; https://savorandsage.com/post-sitemap.xml; https://savorandsage.com/page-sitemap.xml; https://savorandsage.com/category-sitemap.xml; https://savorandsage.com/tag-sitemap.xml; https://savorandsage.com/recipes-sitemap.xml
